aid,assay_name,accession,target_name,doi,journal,year,chembl_target,src_db,src_id
310082,Inhibition of jack bean urease,P07374,Urease,10.1016/j.bmcl.2007.07.085,Bioorg Med Chem Lett,2007,CHEMBL4161,ChEMBL,CHEMBL924370
363230,Inhibition of Klebsiella aerogenes urease,,,10.1021/jm800570q,J Med Chem,2008,,ChEMBL,CHEMBL997002
363231,Inhibition of Helicobacter pylori urease,Q0PXQ5,Urease subunit beta,10.1021/jm800570q,J Med Chem,2008,CHEMBL5325,ChEMBL,CHEMBL997003
363232,Inhibition of Bacillus pasteurii CCM 2056 urease by steady state kinetic study,,,10.1021/jm800570q,J Med Chem,2008,,ChEMBL,CHEMBL997004
363233,Inhibition of Proteus vulgaris CCM 1956 urease by steady state kinetic study,,,10.1021/jm800570q,J Med Chem,2008,,ChEMBL,CHEMBL997005
410190,Inhibition of urease in oxygen free condition,,,10.1016/j.bmcl.2008.10.007,Bioorg Med Chem Lett,2008,,ChEMBL,CHEMBL960617
499220,Inhibition of Proteus vulgaris CCM 1956 urease by berthelot colorimetric assay,,,10.1021/jm100340m,J Med Chem,2010,,ChEMBL,CHEMBL1218958
499221,Inhibition of Bacillus pasteurii CCM 2056 urease by berthelot colorimetric assay,,,10.1021/jm100340m,J Med Chem,2010,,ChEMBL,CHEMBL1218959
499222,Inhibition of Klebsiella aerogenes urease,,,10.1021/jm100340m,J Med Chem,2010,,ChEMBL,CHEMBL1218960
536135,Inhibition of cell free Helicobacter pylori ATCC 43504 urease assessed as reduction in ammonia production by indophenol based Berthelot color reaction method,P69996,Urease subunit beta,10.1016/j.ejmech.2010.08.015,Eur J Med Chem,2010,CHEMBL3885651,ChEMBL,CHEMBL1286287
536136,Inhibition of urease in intact Helicobacter pylori ATCC 43504 assessed as reduction in ammonia production by indophenol based Berthelot color reaction method,P69996,Urease subunit beta,10.1016/j.ejmech.2010.08.015,Eur J Med Chem,2010,CHEMBL3885651,ChEMBL,CHEMBL1286288
625341,Inhibition of jack bean urease assessed as ammonia production after 30 mins by indophenol method,P07374,Urease,10.1016/j.ejmech.2011.09.009,Eur J Med Chem,2011,CHEMBL4161,ChEMBL,CHEMBL1913189
745309,Competitive inhibition of Helicobacter pylori ATCC 43504 urease using urea as substrate by Lineweaver-Burk/Dixon plot analysis,P69996,Urease subunit beta,10.1016/j.ejmech.2013.03.016,Eur J Med Chem,2013,CHEMBL3885651,ChEMBL,CHEMBL2379095
745311,Inhibition of Helicobacter pylori ATCC 43504 urease-mediated ammonia production preincubated for 1.5 hrs by indophenol method,P69996,Urease subunit beta,10.1016/j.ejmech.2013.03.016,Eur J Med Chem,2013,CHEMBL3885651,ChEMBL,CHEMBL2379097
771081,Mixed-type competitive inhibition of Helicobacter pylori ATCC 43504 urease using urea as substrate by Lineweaver-burk plot analysis,P69996,Urease subunit beta,10.1016/j.ejmech.2013.07.047,Eur J Med Chem,2013,CHEMBL3885651,ChEMBL,CHEMBL2427755
771085,Inhibition of urease in Helicobacter pylori ATCC 43504 intact cell assessed as ammonia production preincubated for 1.5 hrs by indophenol-based method,P69996,Urease subunit beta,10.1016/j.ejmech.2013.07.047,Eur J Med Chem,2013,CHEMBL3885651,ChEMBL,CHEMBL2428641
771086,Inhibition of urease extracted from Helicobacter pylori ATCC 43504 assessed as ammonia production preincubated for 1.5 hrs by indophenol-based method,P69996,Urease subunit beta,10.1016/j.ejmech.2013.07.047,Eur J Med Chem,2013,CHEMBL3885651,ChEMBL,CHEMBL2428642
1055728,Inhibition of jack bean urease assessed as ammonia production after 30 mins by indophenol method,P07374,Urease,10.1016/j.ejmech.2013.10.012,Eur J Med Chem,2013,CHEMBL4161,ChEMBL,CHEMBL3090408
1071692,Competitive inhibition of jack bean urease using urea as substrate assessed as ammonia production after 15 mins by Lineweaver-Burk/Dixon plot analysis,P07374,Urease,10.1016/j.ejmech.2014.01.001,Eur J Med Chem,2014,CHEMBL4161,ChEMBL,CHEMBL3122982
1071693,Inhibition of jack bean urease using urea as substrate assessed as ammonia production after 15 mins by indophenol method,P07374,Urease,10.1016/j.ejmech.2014.01.001,Eur J Med Chem,2014,CHEMBL4161,ChEMBL,CHEMBL3122983
1181957,Inhibition of Bacillus pasteurii urease using urea substrate assessed as reduction in ammonia production after 15 mins by indophenol's method,,,10.1016/j.bmc.2014.05.057,Bioorg Med Chem,2014,,ChEMBL,CHEMBL3379836
1202921,Inhibition of urease from Sporosarcina pasteurii CCM 2056 using urea as substrate by Berthelot colorimetric assay,,,10.1021/ml500380f,ACS Med Chem Lett,2015,,ChEMBL,CHEMBL3425143
1202922,Inhibition of urease from Proteus mirabilis CCM 1944 using urea as substrate by Berthelot colorimetric assay,,,10.1021/ml500380f,ACS Med Chem Lett,2015,,ChEMBL,CHEMBL3425144
1235021,Inhibition of urease isolated from Helicobacter pylori ATCC 43504 assessed as ammonia production incubated for 1.5 hrs prior to testing by indophenol method,P69996,Urease subunit beta,10.1016/j.bmc.2015.06.014,Bioorg Med Chem,2015,CHEMBL3885651,ChEMBL,CHEMBL3595644
1235022,Inhibition of urease in Helicobacter pylori ATCC 43504 assessed as ammonia production incubated for 1.5 hrs prior to testing by indophenol method,P69996,Urease subunit beta,10.1016/j.bmc.2015.06.014,Bioorg Med Chem,2015,CHEMBL3885651,ChEMBL,CHEMBL3595645
1238015,Antioxidant activity assessed as DPPH radical scavenging activity incubated for 30 mins,,,10.1016/j.bmc.2015.05.026,Bioorg Med Chem,2015,,ChEMBL,CHEMBL3602333
1238018,"Inhibition of Staphylococcus aureus TyrRS expressed in Escherichia coli using [ring-3,5-3H]-tyrosine preincubated for 10 mins assessed as aminoacylation by liquid scintillation counting",,,10.1016/j.bmc.2015.05.026,Bioorg Med Chem,2015,,ChEMBL,CHEMBL3602336
1238205,Inhibition of jack bean Urease assessed as ammonia production after 15 mins by indophenol method,P07374,Urease,10.1016/j.bmc.2015.05.038,Bioorg Med Chem,2015,CHEMBL4161,ChEMBL,CHEMBL3603108
1250319,Inhibition of jack beans urease assessed as hydrolysis of urea into ammonia preincubated for 10 mins followed by urea addition measured after 10 mins by Berthelot assay,P07374,Urease,10.1016/j.ejmech.2015.08.011,Eur J Med Chem,2015,CHEMBL4161,ChEMBL,CHEMBL3625950
1254245,Inhibition of jack bean urease using urea as substrate assessed as ammonia production incubated for 15 mins by indophenol method,P07374,Urease,10.1016/j.bmc.2015.10.017,Bioorg Med Chem,2015,CHEMBL4161,ChEMBL,CHEMBL3631998
1312220,Inhibition of jack bean urease using urea as substrate assessed as reduction in ammonia production after 30 mins by indophenol method,P07374,Urease,10.1016/j.bmc.2016.07.042,Bioorg Med Chem,2016,CHEMBL4161,ChEMBL,CHEMBL3830509
1361235,Inhibition of urease in Helicobacter pylori ATCC 43504 assessed as reduction in ammonia production preincubated for 1.5 hrs by indophenol method,P69996,Urease subunit beta,10.1016/j.ejmech.2018.06.065,Eur J Med Chem,2018,CHEMBL3885651,ChEMBL,CHEMBL4156362
1361236,Inhibition of Helicobacter pylori ATCC 43504 urease assessed as reduction in ammonia production preincubated for 1.5 hrs under cell free condition by indophenol method,P69996,Urease subunit beta,10.1016/j.ejmech.2018.06.065,Eur J Med Chem,2018,CHEMBL3885651,ChEMBL,CHEMBL4156363
1368418,Inhibition of jack bean urease assessed as reduction in ammonia production using urea as substrate after 15 mins by indophenol method,P07374,Urease,10.1016/j.bmc.2017.11.028,Bioorg Med Chem,2018,CHEMBL4161,ChEMBL,CHEMBL4182316
1397102,Mixed-type inhibition of Helicobacter pylori ATCC 43504 urease assessed as enzyme-substrate-inhibitor complex using urea as substrate preincubated for 1.5 hrs,P69996,Urease subunit beta,10.1016/j.bmc.2018.07.003,Bioorg Med Chem,2018,CHEMBL3885651,ChEMBL,CHEMBL4233572
1397103,Inhibition of Helicobacter pylori ATCC 43504 urease assessed as reduction in ammonia production using urea as substrate preincubated for 1.5 hrs under cell free condition by indophenol method,P69996,Urease subunit beta,10.1016/j.bmc.2018.07.003,Bioorg Med Chem,2018,CHEMBL3885651,ChEMBL,CHEMBL4233573
1397104,Inhibition of urease in Helicobacter pylori ATCC 43504 assessed as reduction in ammonia production using urea as substrate preincubated for 1.5 hrs by indophenol method,P69996,Urease subunit beta,10.1016/j.bmc.2018.07.003,Bioorg Med Chem,2018,CHEMBL3885651,ChEMBL,CHEMBL4233574
1397108,Mixed-type inhibition of Helicobacter pylori ATCC 43504 urease assessed as enzyme-inhibitor complex using urea as substrate preincubated for 1.5 hrs,P69996,Urease subunit beta,10.1016/j.bmc.2018.07.003,Bioorg Med Chem,2018,CHEMBL3885651,ChEMBL,CHEMBL4233578
1420361,Inhibition of Helicobacter pylori urease after 50 mins by indophenol method,Q0PXQ5,Urease subunit beta,10.1016/j.bmcl.2018.08.025,Bioorg Med Chem Lett,2018,CHEMBL5325,ChEMBL,CHEMBL4266983
1420362,Antibacterial activity against Helicobacter pylori after 48 hrs,,Helicobacter pylori,10.1016/j.bmcl.2018.08.025,Bioorg Med Chem Lett,2018,CHEMBL612600,ChEMBL,CHEMBL4266984
1422641,Inhibition of Sporosarcina pasteurii CCM 2056 urease using urea as substrate after 10 mins by indophenol blue detection based phenol-hypochlorite method,,,10.1016/j.ejmech.2018.09.074,Eur J Med Chem,2018,,ChEMBL,CHEMBL4269263
1422642,Inhibition of Sporosarcina pasteurii CCM 2056 urease using urea as substrate preincubated for 2 hrs by indophenol blue detection based phenol-hypochlorite method,,,10.1016/j.ejmech.2018.09.074,Eur J Med Chem,2018,,ChEMBL,CHEMBL4269264
1422647,Mixed type inhibition of Sporosarcina pasteurii CCM 2056 urease using urea as substrate preincubated for 2 hrs by indophenol blue detection based phenol-hypochlorite method,,,10.1016/j.ejmech.2018.09.074,Eur J Med Chem,2018,,ChEMBL,CHEMBL4269269
1432751,Inhibition of Sporosarcina pasteurii CCM 2056 urease assessed as reduction in ammonia production using urea as substrate measured for 120 mins by phenol-hypochlorite method,,,10.1016/j.bmcl.2017.02.022,Bioorg Med Chem Lett,2017,,ChEMBL,CHEMBL3999821
1432759,Inhibition of Sporosarcina pasteurii CCM 2056 urease assessed as reduction in ammonia production by measuring initial state enzyme-inhibitor complex using urea as substrate measured for 120 mins by phenol-hypochlorite method,,,10.1016/j.bmcl.2017.02.022,Bioorg Med Chem Lett,2017,,ChEMBL,CHEMBL3999829
1432760,Inhibition of Sporosarcina pasteurii CCM 2056 urease assessed as reduction in ammonia production by measuring steady state enzyme-inhibitor complex using urea as substrate measured for 120 mins by phenol-hypochlorite method,,,10.1016/j.bmcl.2017.02.022,Bioorg Med Chem Lett,2017,,ChEMBL,CHEMBL3999830
1453672,Inhibition of jack bean urease using urea as substrate pretreated for 15 mins followed by substrate addition by phenol red based spectrophotometric method,P07374,Urease,10.1016/j.bmcl.2017.05.019,Bioorg Med Chem Lett,2017,CHEMBL4161,ChEMBL,CHEMBL4036010
1478703,Irreversible inhibition of Sporosarcina pasteurii CCM 2056 urease assessed as reduction in ammonia production using urea as substrate pretreated for 60 mins followed by substrate addition measured for 120 mins by Berthelot colorimetric assay,,,10.1016/j.ejmech.2017.03.070,Eur J Med Chem,2017,,ChEMBL,CHEMBL4034108
1478706,Inhibition of Sporosarcina pasteurii CCM 2056 urease using urea as substrate pretreated for 60 mins followed by substrate addition after 15 mins by phenol-hypochlorite reagent based colorimetric method,,,10.1016/j.ejmech.2017.03.070,Eur J Med Chem,2017,,ChEMBL,CHEMBL4034111
1478707,Inhibition of Sporosarcina pasteurii CCM 2056 urease using urea as substrate after 15 mins by phenol-hypochlorite reagent based colorimetric method,,,10.1016/j.ejmech.2017.03.070,Eur J Med Chem,2017,,ChEMBL,CHEMBL4034112
1478708,Inhibition of Proteus mirabilis urease,,,10.1016/j.ejmech.2017.03.070,Eur J Med Chem,2017,,ChEMBL,CHEMBL4034113
1478709,Competitive inhibition of Sporosarcina pasteurii CCM 2056 urease using varying levels of urea as substrate after 10 mins by Lineweaver-Burk plot analysis,,,10.1016/j.ejmech.2017.03.070,Eur J Med Chem,2017,,ChEMBL,CHEMBL4034114
1478710,Competitive inhibition of Sporosarcina pasteurii CCM 2056 urease using varying levels of urea as substrate pretreated for 60 mins followed by substrate addition after 10 mins by Lineweaver-Burk plot analysis,,,10.1016/j.ejmech.2017.03.070,Eur J Med Chem,2017,,ChEMBL,CHEMBL4034115
1498567,Inhibition of Campylobacter pylori urease preincubated for 5 mins followed by urea addition measured after 10 mins by Berthelot assay,Q0PXQ5,Urease subunit beta,10.1016/j.bmc.2018.06.005,Bioorg Med Chem,2018,CHEMBL5325,ChEMBL,CHEMBL4125302
1509472,Inhibition of urease (unknown origin) assessed as reduction in ammonia production using urea as substrate after 15 mins by indophenol method,,,10.1016/j.ejmech.2019.04.025,Eur J Med Chem,2019,,ChEMBL,CHEMBL4305662
1524671,Covalent inhibition of purified Sporosarcinia pasteurii urease by phenol red based method,,,10.1016/j.bmcl.2019.02.032,Bioorg Med Chem Lett,2019,,ChEMBL,CHEMBL4321162
1524673,Reversible inhibition of purified Sporosarcinia pasteurii urease by phenol red based method,,,10.1016/j.bmcl.2019.02.032,Bioorg Med Chem Lett,2019,,ChEMBL,CHEMBL4321164
1524675,Cytotoxicity in mouse 3T3 cells assessed as inhibition of cell proliferation,,NIH3T3,10.1016/j.bmcl.2019.02.032,Bioorg Med Chem Lett,2019,CHEMBL614822,ChEMBL,CHEMBL4321166
1632082,Inhibition of Helicobacter pylori urease using urea as substrate assessed as ammonia production after 50 mins by indophenol method,P69996,Urease subunit beta,10.1016/j.bmc.2016.07.052,Bioorg Med Chem,2016,CHEMBL3885651,ChEMBL,CHEMBL4432244
1632334,Inhibition of Helicobacter pylori ATCC 43504 urease assessed as amount of ammonia after 15 mins by indophenol method,P69996,Urease subunit beta,10.1021/acs.jmedchem.6b00986,J Med Chem,2016,CHEMBL3885651,ChEMBL,CHEMBL4432496
1632335,Binding affinity to Escherichia coli TrxR assessed as dissociation constant for reactivity at dithiol Cys135-Cys138 by liquid scintillation counting,,,10.1021/acs.jmedchem.6b00986,J Med Chem,2016,,ChEMBL,CHEMBL4432497
1632339,Steady state inhibition of Sporosarcina pasteurii CCM 2056 urease using urea as substrate assessed as inhibition constant for final enzyme conformation-inhibitor complex by measuring ammonia levels after 120 mins by phenol-hypochlorite method,,,10.1021/acs.jmedchem.6b00986,J Med Chem,2016,,ChEMBL,CHEMBL4432501
1632341,Inhibition of recombinant Helicobacter pylori urease expressed in Escherichia coli rosetta DE3 after 120 mins by Berthelot colorimetric analysis,P69996,Urease subunit beta,10.1021/acs.jmedchem.6b00986,J Med Chem,2016,CHEMBL3885651,ChEMBL,CHEMBL4432503
1632343,Inhibition of recombinant Helicobacter pylori urease expressed in Escherichia coli rosetta DE3 using urea as substrate assessed as transformed cell urea splitting activity preincubated for 2 hrs followed by substrate addition measured after 2 hrs by Berthelot assay,P69996,Urease subunit beta,10.1021/acs.jmedchem.6b00986,J Med Chem,2016,CHEMBL3885651,ChEMBL,CHEMBL4432505
1632344,Inhibition of urease in Helicobacter pylori J99 in Brucella broth using urea as substrate after 2 hrs by Berthelot assay,P69996,Urease subunit beta,10.1021/acs.jmedchem.6b00986,J Med Chem,2016,CHEMBL3885651,ChEMBL,CHEMBL4432506
1632345,Inhibition of urease in Helicobacter pylori J99 in Brucella broth using urea as substrate preincubated for 2 hrs followed by substrate addition measured after 2 hrs by Berthelot assay,P69996,Urease subunit beta,10.1021/acs.jmedchem.6b00986,J Med Chem,2016,CHEMBL3885651,ChEMBL,CHEMBL4432507
1673891,Inhibition of jack bean urease assessed as reduction in ammonia production using urea as substrate incubated for 15 mins by indophenol method,P07374,Urease,10.1016/j.bmc.2019.115123,Bioorg Med Chem,2019,CHEMBL4161,ChEMBL,CHEMBL4668307
1744100,Inhibition of Sporosarcina pasteurii CCM 2056 urease pre-incubated up to 1.5 hrs before urea addition and further incubated for 20 mins by Berthelot reaction based end-point ammonia quantification colorimetry,,,10.1021/acs.jmedchem.0c01143,J Med Chem,2021,,ChEMBL,CHEMBL4775500
1744102,Reversible inhibition of Sporosarcina pasteurii CCM 2056 urease assessed as constant of initial enzyme inhibitor complex pre-incubated up to 1.5 hrs before urea addition and further incubated for 20 mins by Berthelot reaction based end-point ammonia quantification colorimetry,,,10.1021/acs.jmedchem.0c01143,J Med Chem,2021,,ChEMBL,CHEMBL4775502
1744103,Reversible inhibition of Sporosarcina pasteurii CCM 2056 urease assessed as overall dissociation constant pre-incubated up to 1.5 hrs before urea addition and further incubated for 20 mins by Berthelot reaction based end-point ammonia quantification colorimetry,,,10.1021/acs.jmedchem.0c01143,J Med Chem,2021,,ChEMBL,CHEMBL4775503
1798491,"Enzyme Inhibition Assay from Article 10.1021/jm800570q: ""Design, synthesis, and evaluation of novel organophosphorus inhibitors of bacterial ureases.""",,,,,,,BindingDB,BindingDB_2813_1
1800257,"Urease Inhibition Assay from Article 10.1016/j.bioorg.2013.10.001: ""Design, synthesis, molecular docking studies and in vitro screening of ethyl 4-(3-benzoylthioureido) benzoates as urease inhibitors.""",,,,,,,BindingDB,BindingDB_6125_1
1801056,"Urease Inhibition Assay from Article 10.1016/j.bioorg.2015.06.004: ""Synthesis, biological evaluation and molecular docking of N-phenyl thiosemicarbazones as urease inhibitors.""",,,,,,,BindingDB,BindingDB_6788_1
1801079,"In vitro Urease Inhibition Assay from Article 10.1111/cbdd.12379: ""2-(Hetero(aryl)methylene)hydrazine-1-carbothioamides as potent urease inhibitors.""",,,,,,,BindingDB,BindingDB_6810_1
1801564,"Urease Inhibition Assay from Article 10.1111/cbdd.12675: ""Iminothiazoline-Sulfonamide Hybrids as Jack Bean Urease Inhibitors; Synthesis, Kinetic Mechanism and Computational Molecular Modeling.""",,,,,,,BindingDB,BindingDB_7147_1
1802547,"In Vitro Urease Inhibition Assay from Article 10.1016/j.bioorg.2016.11.002: ""Design, synthesis, molecular docking, anti-Proteus mirabilis and urease inhibition of new fluoroquinolone carboxylic acid derivatives.""",,,,,,,BindingDB,BindingDB_7822_1
1803382,"Inhibition Assay from US Patent US9447057: ""Schiff bases of thiazoles: a new class of ureases inhibitors""",,,,,,,BindingDB,BindingDB_8398_1
1870076,Binding affinity to methicillin-resistant Staphylococcus aureus USA300 ClpP assessed as dissociation constant by surface plasmon resonance assay,,,10.1021/acs.jnatprod.2c00138,J Nat Prod,2022,,ChEMBL,CHEMBL5125387
1882615,Inhibition of urease (unknown origin),,,10.1016/j.ejmech.2022.114273,Eur J Med Chem,2022,,ChEMBL,CHEMBL5138490
1882616,Inhibition of jack bean urease,P07374,Urease,10.1016/j.ejmech.2022.114273,Eur J Med Chem,2022,CHEMBL4161,ChEMBL,CHEMBL5138491
1882617,Inhibition of jack bean urease assessed as reduction on ammonia production using urea as substrate incubated for 30 mins by indophenol method,P07374,Urease,10.1016/j.ejmech.2022.114273,Eur J Med Chem,2022,CHEMBL4161,ChEMBL,CHEMBL5138492
1882618,Non-competitive inhibition of jack bean urease assessed as dissociation constant measured upto 10 mins by Lineweaver-Burk plot analysis,P07374,Urease,10.1016/j.ejmech.2022.114273,Eur J Med Chem,2022,CHEMBL4161,ChEMBL,CHEMBL5138493
1882619,Inhibition of jack bean urease assessed as reduction on ammonia production using urea as substrate incubated for 30 mins by indophenol reagent based UV-vis spectrophotometer,P07374,Urease,10.1016/j.ejmech.2022.114273,Eur J Med Chem,2022,CHEMBL4161,ChEMBL,CHEMBL5138494
1882620,Inhibition of jack bean urease assessed as reduction on ammonia production using urea as substrate incubated for 15 mins by indophenol reagent based microplate reader assay,P07374,Urease,10.1016/j.ejmech.2022.114273,Eur J Med Chem,2022,CHEMBL4161,ChEMBL,CHEMBL5138495
1882621,Antioxidant activity assessed as DPPH radical scavenging activity incubated for 30 mins,,,10.1016/j.ejmech.2022.114273,Eur J Med Chem,2022,,ChEMBL,CHEMBL5138496
1882622,Inhibition of Helicobacter pylori urease,P69996,Urease subunit beta,10.1016/j.ejmech.2022.114273,Eur J Med Chem,2022,CHEMBL3885651,ChEMBL,CHEMBL5138497
1882623,Inhibition of Helicobacter pylori urease assessed as dissociation constant,P69996,Urease subunit beta,10.1016/j.ejmech.2022.114273,Eur J Med Chem,2022,CHEMBL3885651,ChEMBL,CHEMBL5138498
1882624,Inhibition of urease (unknown origin) assessed as reduction on ammonia production using urea as substrate incubated for 15 mins by indophenol reagent based microplate reader assay,,,10.1016/j.ejmech.2022.114273,Eur J Med Chem,2022,,ChEMBL,CHEMBL5138499
1896588,Inhibition of Helicobacter pylori urease,P69996,Urease subunit beta,10.1016/j.bmcl.2022.129043,Bioorg Med Chem Lett,2022,CHEMBL3885651,ChEMBL,CHEMBL5152850
1896593,Binding affinity to Helicobacter pyroli urease assessed as dissociation constant by surface plasmon resonance assay,P69996,Urease subunit beta,10.1016/j.bmcl.2022.129043,Bioorg Med Chem Lett,2022,CHEMBL3885651,ChEMBL,CHEMBL5152855
1896594,Mixed type inhibition of Helicobacter pyroli urease assessed as dissociation constant for EI complex by microplate reader analysis,P69996,Urease subunit beta,10.1016/j.bmcl.2022.129043,Bioorg Med Chem Lett,2022,CHEMBL3885651,ChEMBL,CHEMBL5152856
1896595,Mixed type inhibition of Helicobacter pyroli urease assessed as dissociation constant for ESI complex by microplate reader analysis,P69996,Urease subunit beta,10.1016/j.bmcl.2022.129043,Bioorg Med Chem Lett,2022,CHEMBL3885651,ChEMBL,CHEMBL5152857
1920372,Inhibition of urease (unknown origin) incubated for 30 mins by microplate reader based analysis,,,10.1016/j.bmc.2020.115759,Bioorg Med Chem,2020,,ChEMBL,CHEMBL5223337
1920381,Inhibition of urease (unknown origin) assessed as reduction on ammonia production incubated for 15 mins by indophenol reagent based microplate reader assay,,,10.1016/j.bmc.2020.115759,Bioorg Med Chem,2020,,ChEMBL,CHEMBL5223346
1939619,Antioxidant activity assessed as trolox equivalent of ABTS radical scavenging activity and measured after 6 mins by UV-vis spectrophotometry,,,10.1039/d2md00076h,RSC Med Chem,2022,,ChEMBL,CHEMBL5243113
1939660,Anticancer activity against human MDA-MB-435 cells assessed as cell growth inhibition by sulforhodamine B assay,,MDA-MB-435,10.1039/d2md00076h,RSC Med Chem,2022,CHEMBL614697,ChEMBL,CHEMBL5243154
1939661,Anticancer activity against human PC-3 cells assessed as cell growth inhibition by sulforhodamine B assay,,PC-3,10.1039/d2md00076h,RSC Med Chem,2022,CHEMBL390,ChEMBL,CHEMBL5243155
1939662,Anticancer activity against human OVCAR-3 cells assessed as cell growth inhibition by sulforhodamine B assay,,OVCAR-3,10.1039/d2md00076h,RSC Med Chem,2022,CHEMBL614213,ChEMBL,CHEMBL5243156
1939727,Inhibition of Escherichia coli DNA gyrase,P0AES6,DNA gyrase subunit B,10.1039/d2md00076h,RSC Med Chem,2022,CHEMBL2094139,ChEMBL,CHEMBL5243221
1939728,Inhibition of Escherichia coli topoisomerase 4 assessed as reduction in decatenation,,,10.1039/d2md00076h,RSC Med Chem,2022,,ChEMBL,CHEMBL5243222
1939749,Antibiofilm activity against Micrococcus luteus MTCC 2470 assessed as inhibition of biofilm incubated for 24 hrs by crystal violet staining based spectrophotometry,,Micrococcus luteus,10.1039/d2md00076h,RSC Med Chem,2022,CHEMBL614421,ChEMBL,CHEMBL5243243
1939752,Antibiofilm activity against Staphylococcus aureus MTCC 96 assessed as inhibition of biofilm incubated for 24 hrs by crystal violet staining based spectrophotometry,,Staphylococcus aureus,10.1039/d2md00076h,RSC Med Chem,2022,CHEMBL352,ChEMBL,CHEMBL5243246
1939755,Antibiofilm activity against Staphylococcus aureus MLS-16 MTCC 2940 assessed as inhibition of biofilm incubated for 24 hrs by crystal violet staining based spectrophotometry,,Staphylococcus aureus,10.1039/d2md00076h,RSC Med Chem,2022,CHEMBL352,ChEMBL,CHEMBL5243249
1939758,Antibiofilm activity against Bacillus subtilis MTCC 121 assessed as inhibition of biofilm incubated for 24 hrs by crystal violet staining based spectrophotometry,,Bacillus subtilis,10.1039/d2md00076h,RSC Med Chem,2022,CHEMBL359,ChEMBL,CHEMBL5243252
1939761,Antibiofilm activity against Escherichia coli MTCC 739 assessed as inhibition of biofilm incubated for 24 hrs by crystal violet staining based spectrophotometry,,Escherichia coli,10.1039/d2md00076h,RSC Med Chem,2022,CHEMBL354,ChEMBL,CHEMBL5243255
1939764,Antibiofilm activity against Raoultella planticola MTCC 530 assessed as inhibition of biofilm incubated for 24 hrs by crystal violet staining based spectrophotometry,,Raoultella planticola,10.1039/d2md00076h,RSC Med Chem,2022,CHEMBL613271,ChEMBL,CHEMBL5243258
1939795,Inhibition of Saccharomyces cerevisiae alpha-glucosidase assessed as decrease in release of p-nitrophenol using pNPG as substrate incubated for 10 mins by spectroscopic analysis,P53341,Alpha-glucosidase MAL12,10.1039/d2md00076h,RSC Med Chem,2022,CHEMBL5291954,ChEMBL,CHEMBL5243289
1939797,Agonist activity at FFA2 (unknown origin) expressed in human Flp-In-293 cells assessed as inhibition of forskolin-stimulated cAMP accumulation incubated for 30 mins by Lance cAMP assay,O15552,Free fatty acid receptor 2,10.1039/d2md00076h,RSC Med Chem,2022,CHEMBL5493,ChEMBL,CHEMBL5243291
1939798,Agonist activity at FFA3 (unknown origin) expressed in human Flp-In-293 cells assessed as inhibition of forskolin-stimulated cAMP accumulation incubated for 30 mins by Lance cAMP assay,O14843,Free fatty acid receptor 3,10.1039/d2md00076h,RSC Med Chem,2022,CHEMBL5201,ChEMBL,CHEMBL5243292
1939799,Agonist activity at human HCA2 expressed in human Flp-In-293 cells assessed as inhibition of forskolin-stimulated cAMP accumulation incubated for 30 mins by Lance cAMP assay,Q8TDS4,Hydroxycarboxylic acid receptor 2,10.1039/d2md00076h,RSC Med Chem,2022,CHEMBL3785,ChEMBL,CHEMBL5243293
1939801,Anticancer activity against human NUGC cells assessed as cell growth inhibition incubated for 24 hrs,,NUGC,10.1039/d2md00076h,RSC Med Chem,2022,CHEMBL614207,ChEMBL,CHEMBL5243295
1939802,Anticancer activity against human DLD-1 cells assessed as cell growth inhibition incubated for 24 hrs,,DLD-1,10.1039/d2md00076h,RSC Med Chem,2022,CHEMBL614285,ChEMBL,CHEMBL5243296
1939803,Anticancer activity against human HA22T cells assessed as cell growth inhibition incubated for 24 hrs,,HA22T cell line,10.1039/d2md00076h,RSC Med Chem,2022,CHEMBL614807,ChEMBL,CHEMBL5243297
1939804,Anticancer activity against human HepG2 cells assessed as cell growth inhibition incubated for 24 hrs,,HepG2,10.1039/d2md00076h,RSC Med Chem,2022,CHEMBL395,ChEMBL,CHEMBL5243298
1939805,Anticancer activity against human HONE1 cell line assessed as cell growth inhibition incubated for 24 hrs,,HONE1 cell line,10.1039/d2md00076h,RSC Med Chem,2022,CHEMBL614830,ChEMBL,CHEMBL5243299
1939806,Anticancer activity against human MCF7 cells assessed as cell growth inhibition incubated for 24 hrs,,MCF7,10.1039/d2md00076h,RSC Med Chem,2022,CHEMBL387,ChEMBL,CHEMBL5243300
1939807,Cytotoxicity against human WI-38 cells assessed as cell growth inhibition incubated for 24 hrs,,WI-38,10.1039/d2md00076h,RSC Med Chem,2022,CHEMBL614391,ChEMBL,CHEMBL5243301
1939809,Anticancer activity against human A549 cells assessed as reduction in cell viability incubated for 24 hrs by MTT assay,,A549,10.1039/d2md00076h,RSC Med Chem,2022,CHEMBL392,ChEMBL,CHEMBL5243303
1939813,Inhibition of PARP1 (unknown origin) incubated for 1 hrs by colorimetric analysis,P09874,Poly [ADP-ribose] polymerase 1,10.1039/d2md00076h,RSC Med Chem,2022,CHEMBL3105,ChEMBL,CHEMBL5243307
1939814,Anticancer activity against human MCF7 cells assessed as reduction in cell viability incubated for 96 hrs by MTT assay,,MCF7,10.1039/d2md00076h,RSC Med Chem,2022,CHEMBL387,ChEMBL,CHEMBL5243308
1939815,Anticancer activity against human HCT-116 cells assessed as reduction in cell viability incubated for 96 hrs by MTT assay,,HCT-116,10.1039/d2md00076h,RSC Med Chem,2022,CHEMBL394,ChEMBL,CHEMBL5243309
1939816,Anticancer activity against human HepG2 cells assessed as reduction in cell viability,,HepG2,10.1039/d2md00076h,RSC Med Chem,2022,CHEMBL395,ChEMBL,CHEMBL5243310
1939817,Anticancer activity against human HCT-116 cells assessed as reduction in cell viability,,HCT-116,10.1039/d2md00076h,RSC Med Chem,2022,CHEMBL394,ChEMBL,CHEMBL5243311
1939818,Anticancer activity against human MCF7 cells assessed as reduction in cell viability,,MCF7,10.1039/d2md00076h,RSC Med Chem,2022,CHEMBL387,ChEMBL,CHEMBL5243312
1939819,Inhibition of DNA topoisomerase 2 (unknown origin),Q02880,DNA topoisomerase 2-beta,10.1039/d2md00076h,RSC Med Chem,2022,CHEMBL2094255,ChEMBL,CHEMBL5243313
1939821,Antiproliferative activity against human HepG2 cells assessed as reduction in cell proliferation,,HepG2,10.1039/d2md00076h,RSC Med Chem,2022,CHEMBL395,ChEMBL,CHEMBL5243315
1939822,Antiproliferative activity against human MCF7 cells assessed as reduction in cell proliferation,,MCF7,10.1039/d2md00076h,RSC Med Chem,2022,CHEMBL387,ChEMBL,CHEMBL5243316
1939823,Antiproliferative activity against human HCT-29 cells assessed as reduction in cell proliferation,,,10.1039/d2md00076h,RSC Med Chem,2022,,ChEMBL,CHEMBL5243317
1939829,Anticancer activity against human HepG2 cells assessed as reduction in cell viability incubated for 48 hrs by MTT assay,,HepG2,10.1039/d2md00076h,RSC Med Chem,2022,CHEMBL395,ChEMBL,CHEMBL5243323
1939830,Anticancer activity against human MCF7 cells assessed as reduction in cell viability incubated for 48 hrs by MTT assay,,MCF7,10.1039/d2md00076h,RSC Med Chem,2022,CHEMBL387,ChEMBL,CHEMBL5243324
1939831,Anticancer activity against human HeLa cells assessed as reduction in cell viability incubated for 48 hrs by MTT assay,,HeLa,10.1039/d2md00076h,RSC Med Chem,2022,CHEMBL399,ChEMBL,CHEMBL5243325
1939832,Anticancer activity against human HCT-116 cells assessed as reduction in cell viability incubated for 24 hrs by MTT colorimetric assay,,HCT-116,10.1039/d2md00076h,RSC Med Chem,2022,CHEMBL394,ChEMBL,CHEMBL5243326
1939833,Anticancer activity against human HepG2 cells assessed as reduction in cell viability incubated for 24 hrs by MTT colorimetric assay,,HepG2,10.1039/d2md00076h,RSC Med Chem,2022,CHEMBL395,ChEMBL,CHEMBL5243327
1939834,Anticancer activity against human MCF7 cells assessed as reduction in cell viability incubated for 24 hrs by MTT colorimetric assay,,MCF7,10.1039/d2md00076h,RSC Med Chem,2022,CHEMBL387,ChEMBL,CHEMBL5243328
1939837,Inhibition of recombinant human SIRT1 expressed in Escherichia coli using Fluor de Lys-SIRT1/2 substrate in presence of NAD+ by fluorescence microplate reader analysis,Q96EB6,NAD-dependent protein deacetylase sirtuin-1,10.1039/d2md00076h,RSC Med Chem,2022,CHEMBL4506,ChEMBL,CHEMBL5243331
1939841,Inhibition of sheep COX-2 by Cayman colorimetric analysis,P79208,Prostaglandin G/H synthase 2,10.1039/d2md00076h,RSC Med Chem,2022,CHEMBL4102,ChEMBL,CHEMBL5243335
1939842,Inhibition of 5-LOX (unknown origin) by colorimetric analysis,P09917,Polyunsaturated fatty acid 5-lipoxygenase,10.1039/d2md00076h,RSC Med Chem,2022,CHEMBL215,ChEMBL,CHEMBL5243336
1939843,Antiinflammatory activity in LPS-stimulated human macrophages assessed as inhibition of TNF-alpha production in by ELISA,,,10.1039/d2md00076h,RSC Med Chem,2022,,ChEMBL,CHEMBL5243337
1939858,Inhibition of porcine pancreatic alpha-amylase preincubated for 10 mins followed by substrate starch addition and measured after 10 mins by colorimetric analysis,,,10.1039/d2md00076h,RSC Med Chem,2022,,ChEMBL,CHEMBL5243352
1959357,Inhibition of HIV-1 integrase,,,10.1016/j.ejmech.2017.10.009,Eur J Med Chem,2017,,ChEMBL,CHEMBL5263428
1959358,"Inhibition of EGFR (unknown origin) using (Glu, Tyr) 4:1 as substrate incubated for [gamma-32P]-ATP incubated for 60 mins by scintillation counter analysis",P00533,Epidermal growth factor receptor,10.1016/j.ejmech.2017.10.009,Eur J Med Chem,2017,CHEMBL203,ChEMBL,CHEMBL5263429
1959360,Inhibition of PKA (unknown origin) using Kemptide as substrate incubated for [gamma-32P]-ATP incubated for 5 mins by scintillation counter analysis,P22612,cAMP-dependent protein kinase catalytic subunit gamma,10.1016/j.ejmech.2017.10.009,Eur J Med Chem,2017,CHEMBL2094138,ChEMBL,CHEMBL5263431
1959368,Inhibition of HIV-1 wild-type integrase using U5A/U5B-2 labeled double-stranded DNA as substrate by beta radiation counter analysis,,,10.1016/j.ejmech.2017.10.009,Eur J Med Chem,2017,,ChEMBL,CHEMBL5263439
1959369,"Inhibition of c-Met (unknown origin) using poly (Glu,Tyr) at 4:1 ratio as substrate incubated for 60 mins by ELISA",P08581,Hepatocyte growth factor receptor,10.1016/j.ejmech.2017.10.009,Eur J Med Chem,2017,CHEMBL3717,ChEMBL,CHEMBL5263440
1966844,Inhibition of human recombinant HDAC2 expressed in baculovirus using AMC-K(Ac)GL as substrate by microplate reader analysis,Q92769,Histone deacetylase 2,10.1021/acs.jmedchem.2c01799,J Med Chem,2023,CHEMBL1937,ChEMBL,CHEMBL5319118
1966845,Inhibition of Glutamate dehydrogenase (unknown origin) by fluorescent polarization analysis,,,10.1021/acs.jmedchem.2c01799,J Med Chem,2023,,ChEMBL,CHEMBL5319119
1966847,Inhibition of bacterial New Delhi metallo-beta-lactamase 1,C7C422,Metallo-beta-lactamase type 2,10.1021/acs.jmedchem.2c01799,J Med Chem,2023,CHEMBL5465386,ChEMBL,CHEMBL5319121
1966849,Inhibition of Clostridium difficile full length Toxin B,P18177,Toxin B,10.1021/acs.jmedchem.2c01799,J Med Chem,2023,CHEMBL3580505,ChEMBL,CHEMBL5319123
1966850,Competitive inhibition of Escherichia coli TrxR assessed as inhibition constant,P0A9P4,Thioredoxin reductase,10.1021/acs.jmedchem.2c01799,J Med Chem,2023,CHEMBL3638339,ChEMBL,CHEMBL5319124
1966851,Inhibition of Bacillus anthracis full length TEV-cleavable N-terminal Thioredoxin reductase by DTNB reagent based assay,,,10.1021/acs.jmedchem.2c01799,J Med Chem,2023,,ChEMBL,CHEMBL5319125
1966852,Competitive inhibition of Sporosarcina pasteurii Urease assessed as inhibition constant by Lineweaver-Burk plots analysis,,,10.1021/acs.jmedchem.2c01799,J Med Chem,2023,,ChEMBL,CHEMBL5319126
1966853,Inhibition of Sporosarcina pasteurii Urease assessed as inhibition constant,,,10.1021/acs.jmedchem.2c01799,J Med Chem,2023,,ChEMBL,CHEMBL5319127
1966854,Inhibition of Sporosarcina pasteurii Urease assessed as inhibition constant measured for 120 mins by Michaelis-Menten based analysis,,,10.1021/acs.jmedchem.2c01799,J Med Chem,2023,,ChEMBL,CHEMBL5319128
1966855,Inhibition of Proteus mirabilis PCM 543 Urease in PBS buffer measured for 1.5 hrs by microplate reader analysis,,,10.1021/acs.jmedchem.2c01799,J Med Chem,2023,,ChEMBL,CHEMBL5319129
1966856,Inhibition of Proteus mirabilis PCM 543 Urease in artificial urine model measured for 1.5 hrs by microplate reader analysis,,,10.1021/acs.jmedchem.2c01799,J Med Chem,2023,,ChEMBL,CHEMBL5319130
1977774,Binding affinity to Sporosarcina pasteurii Urease assessed as inhibition constant,,,10.1016/j.bmc.2023.117512,Bioorg Med Chem,2023,,ChEMBL,CHEMBL5330357
1983698,Inhibition of Sporosarcina pasteurii CCM 2056 native urease using urea as substrate preincubated for 1 hr followed by substrate addition and measured for 1.5 hrs by colorimetric method,,,10.1016/j.ejmech.2023.115528,Eur J Med Chem,2023,,ChEMBL,CHEMBL5336491
1983699,Inhibition of -ureolysis in live Helicobacter pylori Tx30a (ATCC 51932) in presence of urea by absorbance based analysis,,,10.1016/j.ejmech.2023.115528,Eur J Med Chem,2023,,ChEMBL,CHEMBL5336492
1985172,Inhibition of urease (unknown origin) using urea as substrate preincubated for 30 mins followed by substrate addition and measured after 20 mins by red phenol reagent based assay,,,10.1039/d3md00645j,RSC Med Chem,2024,,ChEMBL,CHEMBL5337965
