key,doi,title,year,venue,authors,n_authors,cited,retracted,type,volume,issue,first_page,last_page,status,acs,num
hpylori2023,10.1038/s41572-023-00431-8,Helicobacter pylori infection,2023,Nature Reviews Disease Primers,Peter Malfertheiner; M. Constanza Camargo; Emad El‐Omar; Jyh‐Ming Liou; Richard M. Peek; Christian Schulz; Stella Smith; Sebastian Suerbaum,8,1133,False,article,9,1,19,19,verified,"Malfertheiner, P.; Camargo, M. C.; El‐Omar, E.; Liou, J.; Peek, R. M.; Schulz, C.; Smith, S.; Suerbaum, S.. Helicobacter pylori infection. Nature Reviews Disease Primers 2023, 9, 19-19.  DOI: 10.1038/s41572-023-00431-8.",1
krajewska2009,10.1016/j.molcatb.2009.01.004,Ureases. II. Properties and their customizing by enzyme immobilizations: A review,2009,Journal of Molecular Catalysis B Enzymatic,Barbara Krajewska,1,136,False,article,59,1-3,22,40,verified,"Krajewska, B.. Ureases. II. Properties and their customizing by enzyme immobilizations: A review. Journal of Molecular Catalysis B Enzymatic 2009, 59, 22-40.  DOI: 10.1016/j.molcatb.2009.01.004.",2
milo2021,10.1038/s41598-021-83257-2,A small-molecular inhibitor against Proteus mirabilis urease to treat catheter-associated urinary tract infections,2021,Scientific Reports,Scarlet Milo; Rachel A. Heylen; John H. Glancy; George T. Williams; Bethany L. Patenall; Hollie Hathaway; Thet Naing; Sarah L. Allinson; Maisem Laabei; A. Toby A. Jenkins,10,43,False,article,11,1,3726,3726,verified,"Milo, S.; Heylen, R. A.; Glancy, J. H.; Williams, G. T.; Patenall, B. L.; Hathaway, H.; Naing, T.; Allinson, S. L.; Laabei, M.; Jenkins, A. T. A.. A small-molecular inhibitor against Proteus mirabilis urease to treat catheter-associated urinary tract infections. Scientific Reports 2021, 11, 3726-3726.  DOI: 10.1038/s41598-021-83257-2.",3
kafarski2018,10.1016/j.jare.2018.01.007,Recent advances in design of new urease inhibitors: A review,2018,Journal of Advanced Research,Paweł Kafarski; Michał Talma,2,258,False,article,13,,101,112,verified,"Kafarski, P.; Talma, M.. Recent advances in design of new urease inhibitors: A review. Journal of Advanced Research 2018, 13, 101-112.  DOI: 10.1016/j.jare.2018.01.007.",4
modolo2014,10.1016/j.jare.2014.09.001,An overview on the potential of natural products as ureases inhibitors: A review,2014,Journal of Advanced Research,Luzia V. Modolo; Aline Xavier de Souza; Lívia P. Horta; Débora P. Araújo; Ângelo de Fátima,5,229,False,article,6,1,35,44,verified,"Modolo, L. V.; Souza, A. X. d.; Horta, L. P.; Araújo, D. P.; Fátima, Â. d.. An overview on the potential of natural products as ureases inhibitors: A review. Journal of Advanced Research 2014, 6, 35-44.  DOI: 10.1016/j.jare.2014.09.001.",5
aniceto2022,10.1021/acs.jcim.2c00150,Exploring the Chemical Space of Urease Inhibitors to Extract Meaningful Trends and Drivers of Activity,2022,Journal of Chemical Information and Modeling,Natália Aniceto; Vasco D. B. Bonifácio; Rita C. Guedes; Nuno Martinho,4,15,False,article,62,15,3535,3550,verified,"Aniceto, N.; Bonifácio, V. D. B.; Guedes, R. C.; Martinho, N.. Exploring the Chemical Space of Urease Inhibitors to Extract Meaningful Trends and Drivers of Activity. Journal of Chemical Information and Modeling 2022, 62, 3535-3550.  DOI: 10.1021/acs.jcim.2c00150.",6
aniceto2023,10.3390/ijms24098180,Using Machine Learning and Molecular Docking to Leverage Urease Inhibition Data for Virtual Screening,2023,International Journal of Molecular Sciences,Natália Aniceto; Tânia S. Albuquerque; Vasco D. B. Bonifácio; Rita C. Guedes; Nuno Martinho,5,10,False,article,24,9,8180,8180,verified,"Aniceto, N.; Albuquerque, T. S.; Bonifácio, V. D. B.; Guedes, R. C.; Martinho, N.. Using Machine Learning and Molecular Docking to Leverage Urease Inhibition Data for Virtual Screening. International Journal of Molecular Sciences 2023, 24, 8180-8180.  DOI: 10.3390/ijms24098180.",7
triazole2025,10.3390/ijms262311576,"Integrative Computational Approaches for the Discovery of Triazole-Based Urease Inhibitors: A Machine Learning, Virtual Screening, and Meta-Dynamics Framework",2025,International Journal of Molecular Sciences,Sofía E. Ríos-Rozas; Natalia Morales; Elizabeth Valdés-Muñoz; Gabriela Urra; Camila A. Flores-Morales; Javier Farías-Abarca; Erix W. Hernández‐Rodríguez; Jonathan M. Palma; Manuel I. Osorio; Osvaldo Yáñez; Luis Morales‐Quintana; Reynier Suardíaz; Daniel Bustos,13,1,False,article,26,23,11576,11576,verified,"Ríos-Rozas, S. E.; Morales, N.; Valdés-Muñoz, E.; Urra, G.; Flores-Morales, C. A.; Farías-Abarca, J.; Hernández‐Rodríguez, E. W.; Palma, J. M.; Osorio, M. I.; Yáñez, O.; et al.. Integrative Computational Approaches for the Discovery of Triazole-Based Urease Inhibitors: A Machine Learning, Virtual Screening, and Meta-Dynamics Framework. International Journal of Molecular Sciences 2025, 26, 11576-11576.  DOI: 10.3390/ijms262311576.",8
chembl2024,10.1093/nar/gkad1004,The ChEMBL Database in 2023: a drug discovery platform spanning multiple bioactivity data types and time periods,2023,Nucleic Acids Research,Barbara Zdrazil; Eloy Félix; Fiona Hunter; Emma J. Manners; James Blackshaw; Sybilla Corbett; Marleen De Veij; Harris Ioannidis; David Méndez; Juan F Mosquera; María Paula Magariños; Nicolas Bosc; Ricardo Arcila; Tevfik Kizilören; Anna Gaulton; A. Patrícia Bento; Melissa F. Adasme; Peter Monecke; Gregory A. Landrum; Andrew R. Leach,20,1272,False,article,52,D1,D1180,D1192,verified,"Zdrazil, B.; Félix, E.; Hunter, F.; Manners, E. J.; Blackshaw, J.; Corbett, S.; Veij, M. D.; Ioannidis, H.; Méndez, D.; Mosquera, J. F.; et al.. The ChEMBL Database in 2023: a drug discovery platform spanning multiple bioactivity data types and time periods. Nucleic Acids Research 2023, 52, D1180-D1192.  DOI: 10.1093/nar/gkad1004.",9
bindingdb2024,10.1093/nar/gkae1075,BindingDB in 2024: a FAIR knowledgebase of protein-small molecule binding data,2024,Nucleic Acids Research,Tiqing Liu; Linda Hwang; S.K. Burley; Carmen I. Nitsche; Christopher Southan; W. Patrick Walters; Michael K. Gilson,7,191,False,article,53,D1,D1633,D1644,verified,"Liu, T.; Hwang, L.; Burley, S.; Nitsche, C. I.; Southan, C.; Walters, W. P.; Gilson, M. K.. BindingDB in 2024: a FAIR knowledgebase of protein-small molecule binding data. Nucleic Acids Research 2024, 53, D1633-D1644.  DOI: 10.1093/nar/gkae1075.",10
pubchem2025,10.1093/nar/gkae1059,PubChem 2025 update,2024,Nucleic Acids Research,Sunghwan Kim; Jie Chen; Tiejun Cheng; Asta Gindulytė; Jia He; Siqian He; Qingliang Li; Benjamin A. Shoemaker; Paul Thiessen; Bo Yu; Leonid Zaslavsky; Jian Zhang; Evan Bolton,13,1105,False,article,53,D1,D1516,D1525,verified,"Kim, S.; Chen, J.; Cheng, T.; Gindulytė, A.; He, J.; He, S.; Li, Q.; Shoemaker, B. A.; Thiessen, P.; Yu, B.; et al.. PubChem 2025 update. Nucleic Acids Research 2024, 53, D1516-D1525.  DOI: 10.1093/nar/gkae1059.",11
coconut2025,10.1093/nar/gkae1063,COCONUT 2.0: a comprehensive overhaul and curation of the collection of open natural products database,2024,Nucleic Acids Research,Venkata Chandrasekhar Nainala; Kohulan Rajan; Sri Ram Sagar Kanakam; Nisha Sharma; Viktor Weißenborn; Jonas Schaub; Christoph Steinbeck,7,134,False,article,53,D1,D634,D643,verified,"Nainala, V. C.; Rajan, K.; Kanakam, S. R. S.; Sharma, N.; Weißenborn, V.; Schaub, J.; Steinbeck, C.. COCONUT 2.0: a comprehensive overhaul and curation of the collection of open natural products database. Nucleic Acids Research 2024, 53, D634-D643.  DOI: 10.1093/nar/gkae1063.",12
clue2017,10.1038/nm.4306,The Drug Repurposing Hub: a next-generation drug library and information resource,2017,Nature Medicine,Steven M. Corsello; Joshua A. Bittker; Zihan Liu; Joshua Gould; Patrick McCarren; Jodi Hirschman; Stephen Johnston; Anita Vrcic; Bang Wong; Mariya Khan; Jacob K. Asiedu; Rajiv Narayan; Christopher C. Mader; Aravind Subramanian; Todd R. Golub,15,1106,False,article,23,4,405,408,verified,"Corsello, S. M.; Bittker, J. A.; Liu, Z.; Gould, J.; McCarren, P.; Hirschman, J.; Johnston, S.; Vrcic, A.; Wong, B.; Khan, M.; et al.. The Drug Repurposing Hub: a next-generation drug library and information resource. Nature Medicine 2017, 23, 405-408.  DOI: 10.1038/nm.4306.",13
comptox2017,10.1186/s13321-017-0247-6,The CompTox Chemistry Dashboard: a community data resource for environmental chemistry,2017,Journal of Cheminformatics,Antony Williams; Chris Grulke; Jeff Edwards; Andrew D. McEachran; Kamel Mansouri; Nancy Baker; Grace Patlewicz; Imran Shah; John F. Wambaugh; Richard Judson; Ann M. Richard,11,1171,False,article,9,1,61,61,verified,"Williams, A.; Grulke, C.; Edwards, J.; McEachran, A. D.; Mansouri, K.; Baker, N.; Patlewicz, G.; Shah, I.; Wambaugh, J. F.; Judson, R.; et al.. The CompTox Chemistry Dashboard: a community data resource for environmental chemistry. Journal of Cheminformatics 2017, 9, 61-61.  DOI: 10.1186/s13321-017-0247-6.",14
dsstox2019,10.1016/j.comtox.2019.100096,EPA’s DSSTox database: History of development of a curated chemistry resource supporting computational toxicology research,2019,Computational Toxicology,Chris Grulke; Antony Williams; Inthirany Thillanadarajah; Ann M. Richard,4,190,False,article,12,,100096,100096,verified,"Grulke, C.; Williams, A.; Thillanadarajah, I.; Richard, A. M.. EPA’s DSSTox database: History of development of a curated chemistry resource supporting computational toxicology research. Computational Toxicology 2019, 12, 100096-100096.  DOI: 10.1016/j.comtox.2019.100096.",15
dude2012,10.1021/jm300687e,"Directory of Useful Decoys, Enhanced (DUD-E): Better Ligands and Decoys for Better Benchmarking",2012,Journal of Medicinal Chemistry,Michael M. Mysinger; Michael Carchia; John J. Irwin; Brian K. Shoichet,4,2444,False,article,55,14,6582,6594,verified,"Mysinger, M. M.; Carchia, M.; Irwin, J. J.; Shoichet, B. K.. Directory of Useful Decoys, Enhanced (DUD-E): Better Ligands and Decoys for Better Benchmarking. Journal of Medicinal Chemistry 2012, 55, 6582-6594.  DOI: 10.1021/jm300687e.",16
muv2009,10.1021/ci8002649,Maximum Unbiased Validation (MUV) Data Sets for Virtual Screening Based on PubChem Bioactivity Data,2009,Journal of Chemical Information and Modeling,Sebastian Rohrer; Knut Baumann,2,422,False,article,49,2,169,184,verified,"Rohrer, S.; Baumann, K.. Maximum Unbiased Validation (MUV) Data Sets for Virtual Screening Based on PubChem Bioactivity Data. Journal of Chemical Information and Modeling 2009, 49, 169-184.  DOI: 10.1021/ci8002649.",17
decoys2018,10.3389/fphar.2018.00011,Decoys Selection in Benchmarking Datasets: Overview and Perspectives,2018,Frontiers in Pharmacology,Manon Réau; Florent Langenfeld; Jean‐François Zagury; Nathalie Lagarde; Matthieu Montès,5,109,False,article,9,,11,11,verified,"Réau, M.; Langenfeld, F.; Zagury, J.; Lagarde, N.; Montès, M.. Decoys Selection in Benchmarking Datasets: Overview and Perspectives. Frontiers in Pharmacology 2018, 9, 11-11.  DOI: 10.3389/fphar.2018.00011.",18
unbiased2014,10.1021/ci500062f,An Unbiased Method To Build Benchmarking Sets for Ligand-Based Virtual Screening and its Application To GPCRs,2014,Journal of Chemical Information and Modeling,Jie Xia; Hongwei Jin; Zhenming Liu; Liangren Zhang; Xiang Simon Wang,5,54,False,article,54,5,1433,1450,verified,"Xia, J.; Jin, H.; Liu, Z.; Zhang, L.; Wang, X. S.. An Unbiased Method To Build Benchmarking Sets for Ligand-Based Virtual Screening and its Application To GPCRs. Journal of Chemical Information and Modeling 2014, 54, 1433-1450.  DOI: 10.1021/ci500062f.",19
moleculenet,10.1039/C7SC02664A,MoleculeNet: a benchmark for molecular machine learning,2017,Chemical Science,Zhenqin Wu; Bharath Ramsundar; Evan N. Feinberg; Joseph Gomes; Caleb Geniesse; Aneesh Pappu; Karl Leswing; Vijay S. Pande,8,3033,False,article,9,2,513,530,verified,"Wu, Z.; Ramsundar, B.; Feinberg, E. N.; Gomes, J.; Geniesse, C.; Pappu, A.; Leswing, K.; Pande, V. S.. MoleculeNet: a benchmark for molecular machine learning. Chemical Science 2017, 9, 513-530.  DOI: 10.1039/C7SC02664A.",20
deepbeyond2017,10.1186/s13321-017-0232-0,Beyond the hype: deep neural networks outperform established methods using a ChEMBL bioactivity benchmark set,2017,Journal of Cheminformatics,Eelke B. Lenselink; Niels ten Dijke; Brandon J. Bongers; George Papadatos; Herman van Vlijmen; Wojtek Kowalczyk; Adriaan P. IJzerman; Gerard J. P. van Westen,8,341,False,article,9,1,45,45,verified,"Lenselink, E. B.; Dijke, N. t.; Bongers, B. J.; Papadatos, G.; Vlijmen, H. v.; Kowalczyk, W.; IJzerman, A. P.; Westen, G. J. P. v.. Beyond the hype: deep neural networks outperform established methods using a ChEMBL bioactivity benchmark set. Journal of Cheminformatics 2017, 9, 45-45.  DOI: 10.1186/s13321-017-0232-0.",21
activity_cliff2022,10.1021/acs.jcim.2c01073,Exposing the Limitations of Molecular Machine Learning with Activity Cliffs,2022,Journal of Chemical Information and Modeling,Derek van Tilborg; Alisa Alenicheva; Francesca Grisoni,3,252,False,article,62,23,5938,5951,verified,"Tilborg, D. v.; Alenicheva, A.; Grisoni, F.. Exposing the Limitations of Molecular Machine Learning with Activity Cliffs. Journal of Chemical Information and Modeling 2022, 62, 5938-5951.  DOI: 10.1021/acs.jcim.2c01073.",22
ad_sahigara2012,10.3390/molecules17054791,Comparison of Different Approaches to Define the Applicability Domain of QSAR Models,2012,Molecules,Faizan Sahigara; Kamel Mansouri; Davide Ballabio; Andrea Mauri; Viviana Consonni; Roberto Todeschini,6,620,False,article,17,5,4791,4810,verified,"Sahigara, F.; Mansouri, K.; Ballabio, D.; Mauri, A.; Consonni, V.; Todeschini, R.. Comparison of Different Approaches to Define the Applicability Domain of QSAR Models. Molecules 2012, 17, 4791-4810.  DOI: 10.3390/molecules17054791.",23
ad_netzeva2005,10.1177/026119290503300508,QSAR Applicability Domain Estimation by Projection of the Training Set in Descriptor Space: A Review,2005,Alternatives to Laboratory Animals,Joanna Jaworska; Nina Nikolova-Jeliazkova; Tom Aldenberg,3,669,False,article,33,5,445,459,verified,"Jaworska, J.; Nikolova-Jeliazkova, N.; Aldenberg, T.. QSAR Applicability Domain Estimation by Projection of the Training Set in Descriptor Space: A Review. Alternatives to Laboratory Animals 2005, 33, 445-459.  DOI: 10.1177/026119290503300508.",24
conformal_norinder,10.1021/ci5001168,Introducing Conformal Prediction in Predictive Modeling. A Transparent and Flexible Alternative to Applicability Domain Determination,2014,Journal of Chemical Information and Modeling,Ulf Norinder; Lars Carlsson; Scott Boyer; Martin Eklund,4,212,False,article,54,6,1596,1603,verified,"Norinder, U.; Carlsson, L.; Boyer, S.; Eklund, M.. Introducing Conformal Prediction in Predictive Modeling. A Transparent and Flexible Alternative to Applicability Domain Determination. Journal of Chemical Information and Modeling 2014, 54, 1596-1603.  DOI: 10.1021/ci5001168.",25
conformal_bosc2019,10.1186/s13321-018-0325-4,Large scale comparison of QSAR and conformal prediction methods and their applications in drug discovery,2019,Journal of Cheminformatics,Nicolas Bosc; Francis Atkinson; Eloy Félix; Anna Gaulton; Anne Hersey; Andrew R. Leach,6,174,False,article,11,1,4,4,verified,"Bosc, N.; Atkinson, F.; Félix, E.; Gaulton, A.; Hersey, A.; Leach, A. R.. Large scale comparison of QSAR and conformal prediction methods and their applications in drug discovery. Journal of Cheminformatics 2019, 11, 4-4.  DOI: 10.1186/s13321-018-0325-4.",26
qsar_borders2020,10.1039/d0cs00098a,QSAR without borders,2020,Chemical Society Reviews,Eugene Muratov; Jürgen Bajorath; Robert P. Sheridan; Igor V. Tetko; Dmitry Filimonov; Vladimir Poroikov; Tudor I. Oprea; Igor I. Baskin; Alexandre Varnek; Adrián E. Roitberg; Olexandr Isayev; Stefano Curtalolo; Denis Fourches; Yoram Cohen; Alán Aspuru‐Guzik; David A. Winkler; Dimitris K. Agrafiotis; Artem Cherkasov; Alexander Tropsha,19,866,False,article,49,11,3525,3564,verified,"Muratov, E.; Bajorath, J.; Sheridan, R. P.; Tetko, I. V.; Filimonov, D.; Poroikov, V.; Oprea, T. I.; Baskin, I. I.; Varnek, A.; Roitberg, A. E.; et al.. QSAR without borders. Chemical Society Reviews 2020, 49, 3525-3564.  DOI: 10.1039/d0cs00098a.",27
rdkit_std_fourches,10.1021/ci100176x,"Trust, But Verify: On the Importance of Chemical Structure Curation in Cheminformatics and QSAR Modeling Research",2010,Journal of Chemical Information and Modeling,Denis Fourches; Eugene Muratov; Alexander Tropsha,3,822,False,article,50,7,1189,1204,verified,"Fourches, D.; Muratov, E.; Tropsha, A.. Trust, But Verify: On the Importance of Chemical Structure Curation in Cheminformatics and QSAR Modeling Research. Journal of Chemical Information and Modeling 2010, 50, 1189-1204.  DOI: 10.1021/ci100176x.",28
rogers2010,10.1021/ci100050t,Extended-Connectivity Fingerprints,2010,Journal of Chemical Information and Modeling,David Rogers; Mathew Hahn,2,7750,False,article,50,5,742,754,verified,"Rogers, D.; Hahn, M.. Extended-Connectivity Fingerprints. Journal of Chemical Information and Modeling 2010, 50, 742-754.  DOI: 10.1021/ci100050t.",29
breiman2001,10.1023/A:1010933404324,Random Forests,2001,Machine Learning,Leo Breiman,1,128110,False,article,45,1,5,32,verified,"Breiman, L.. Random Forests. Machine Learning 2001, 45, 5-32.  DOI: 10.1023/A:1010933404324.",30
sklearn2011,10.5555/1953048.2078195,Scikit-learn: Machine Learning in Python,2011,Journal of Machine Learning Research,PedregosaFabian; VaroquauxGaël; GramfortAlexandre; MichelVincent; ThirionBertrand; GriselOlivier; BlondelMathieu; PrettenhoferPeter; WeissRon; DubourgVincent; VanderplasJake; PassosAlexandre; CournapeauDavid; BrucherMatthieu; PerrotMatthieu; DuchesnayÉdouard,16,8276,False,article,,,,,verified,PedregosaFabian; VaroquauxGaël; GramfortAlexandre; MichelVincent; ThirionBertrand; GriselOlivier; BlondelMathieu; PrettenhoferPeter; WeissRon; DubourgVincent; et al.. Scikit-learn: Machine Learning in Python. Journal of Machine Learning Research 2011.  DOI: 10.5555/1953048.2078195.,31
bemis1996,10.1021/jm9602928,The Properties of Known Drugs. 1. Molecular Frameworks,1996,Journal of Medicinal Chemistry,Guy W. Bemis; Mark A. Murcko,2,2506,False,article,39,15,2887,2893,verified,"Bemis, G. W.; Murcko, M. A.. The Properties of Known Drugs. 1. Molecular Frameworks. Journal of Medicinal Chemistry 1996, 39, 2887-2893.  DOI: 10.1021/jm9602928.",32
yscramble,10.1016/s1093-3263(01)00123-1,Beware of q2!,2002,Journal of Molecular Graphics and Modelling,Alexander Golbraikh; Alexander Tropsha,2,3701,False,article,20,4,269,276,verified,"Golbraikh, A.; Tropsha, A.. Beware of q2!. Journal of Molecular Graphics and Modelling 2002, 20, 269-276.  DOI: 10.1016/s1093-3263(01)00123-1.",33
shap2017,10.48550/arXiv.1705.07874,A Unified Approach to Interpreting Model Predictions,2017,arXiv (Cornell University),Scott Lundberg; Su‐In Lee,2,7622,False,preprint,,,,,verified,"Lundberg, S.; Lee, S.. A Unified Approach to Interpreting Model Predictions. arXiv (Cornell University) 2017.  DOI: 10.48550/arXiv.1705.07874.",34
treeshap2020,10.1038/s42256-019-0138-9,From local explanations to global understanding with explainable AI for trees,2020,Nature Machine Intelligence,Scott Lundberg; Gabriel Erion; Hugh Chen; Alex J. DeGrave; Jordan M. Prutkin; Bala G. Nair; Ronit Katz; Jonathan Himmelfarb; Nisha Bansal; Su‐In Lee,10,9333,False,article,2,1,56,67,verified,"Lundberg, S.; Erion, G.; Chen, H.; DeGrave, A. J.; Prutkin, J. M.; Nair, B. G.; Katz, R.; Himmelfarb, J.; Bansal, N.; Lee, S.. From local explanations to global understanding with explainable AI for trees. Nature Machine Intelligence 2020, 2, 56-67.  DOI: 10.1038/s42256-019-0138-9.",35
umap2018,10.48550/arXiv.1802.03426,UMAP: Uniform Manifold Approximation and Projection for Dimension Reduction,2018,arXiv (Cornell University),"Leland McInnes; John J. Healy; Melville, James",3,7592,False,preprint,,,,,verified,"McInnes, L.; Healy, J. J.; James, M.. UMAP: Uniform Manifold Approximation and Projection for Dimension Reduction. arXiv (Cornell University) 2018.  DOI: 10.48550/arXiv.1802.03426.",36
butina1999,10.1021/ci9803381,Unsupervised Data Base Clustering Based on Daylight's Fingerprint and Tanimoto Similarity: A Fast and Automated Way To Cluster Small and Large Data Sets,1999,Journal of Chemical Information and Computer Sciences,Darko Butina,1,631,False,article,39,4,747,750,verified,"Butina, D.. Unsupervised Data Base Clustering Based on Daylight's Fingerprint and Tanimoto Similarity: A Fast and Automated Way To Cluster Small and Large Data Sets. Journal of Chemical Information and Computer Sciences 1999, 39, 747-750.  DOI: 10.1021/ci9803381.",37
pains2010,10.1021/jm901137j,New Substructure Filters for Removal of Pan Assay Interference Compounds (PAINS) from Screening Libraries and for Their Exclusion in Bioassays,2010,Journal of Medicinal Chemistry,Jonathan B. Baell; Georgina A. Holloway,2,3989,False,article,53,7,2719,2740,verified,"Baell, J. B.; Holloway, G. A.. New Substructure Filters for Removal of Pan Assay Interference Compounds (PAINS) from Screening Libraries and for Their Exclusion in Bioassays. Journal of Medicinal Chemistry 2010, 53, 2719-2740.  DOI: 10.1021/jm901137j.",38
brenk2008,10.1002/cmdc.200700139,Lessons Learnt from Assembling Screening Libraries for Drug Discovery for Neglected Diseases,2007,ChemMedChem,Ruth Brenk; Alessandro Schipani; Daniel James; Agata Krasowski; Ian H. Gilbert; Julie A. Frearson; Paul G. Wyatt,7,703,False,article,3,3,435,444,verified,"Brenk, R.; Schipani, A.; James, D.; Krasowski, A.; Gilbert, I. H.; Frearson, J. A.; Wyatt, P. G.. Lessons Learnt from Assembling Screening Libraries for Drug Discovery for Neglected Diseases. ChemMedChem 2007, 3, 435-444.  DOI: 10.1002/cmdc.200700139.",39
calibration_niculescu,10.1145/1102351.1102430,Predicting good probabilities with supervised learning,2005,Proceedings of the 22nd International Conference on Machine Learning (ICML),Alexandru Niculescu-Mizil; Rich Caruana,2,1664,False,conference-paper,,,625,632,verified (venue supplied manually: OpenAlex venue field empty),"Niculescu-Mizil, A.; Caruana, R.. Predicting good probabilities with supervised learning. Proceedings of the 22nd International Conference on Machine Learning (ICML) 2005, 625-632.  DOI: 10.1145/1102351.1102430.",40
lipinski2001,10.1016/S0169-409X(96)00423-1,Experimental and computational approaches to estimate solubility and permeability in drug discovery and development settings,1997,Advanced Drug Delivery Reviews,Christopher A. Lipinski; Franco Lombardo; Beryl W. Dominy; Paul J. Feeney,4,11316,False,article,23,1-3,3,25,verified,"Lipinski, C. A.; Lombardo, F.; Dominy, B. W.; Feeney, P. J.. Experimental and computational approaches to estimate solubility and permeability in drug discovery and development settings. Advanced Drug Delivery Reviews 1997, 23, 3-25.  DOI: 10.1016/S0169-409X(96)00423-1.",41
veber2002,10.1021/jm020017n,Molecular Properties That Influence the Oral Bioavailability of Drug Candidates,2002,Journal of Medicinal Chemistry,Daniel F. Veber; Stephen R. Johnson; Hung‐Yuan Cheng; Brian R. Smith; Keith W. Ward; Kenneth D. Kopple,6,8203,False,article,45,12,2615,2623,verified,"Veber, D. F.; Johnson, S. R.; Cheng, H.; Smith, B. R.; Ward, K. W.; Kopple, K. D.. Molecular Properties That Influence the Oral Bioavailability of Drug Candidates. Journal of Medicinal Chemistry 2002, 45, 2615-2623.  DOI: 10.1021/jm020017n.",42
waring2015,10.1038/nrd4609,An analysis of the attrition of drug candidates from four major pharmaceutical companies,2015,Nature Reviews Drug Discovery,Michael J. Waring; John Arrowsmith; Andrew R. Leach; Paul D. Leeson; Sam Mandrell; Robert M. Owen; Garry Pairaudeau; William D. Pennie; Stephen D. Pickett; Ji‐Bo Wang; Owen B. Wallace; Alex. M. Weir,12,1424,False,article,14,7,475,486,verified,"Waring, M. J.; Arrowsmith, J.; Leach, A. R.; Leeson, P. D.; Mandrell, S.; Owen, R. M.; Pairaudeau, G.; Pennie, W. D.; Pickett, S. D.; Wang, J.; et al.. An analysis of the attrition of drug candidates from four major pharmaceutical companies. Nature Reviews Drug Discovery 2015, 14, 475-486.  DOI: 10.1038/nrd4609.",43
